{
  "num_train_images": 240,
  "num_val_images": 60,
  "vocab_size": 832,
  "bleu_1": 0.374610269190047,
  "bleu_2": 0.1969173020603498,
  "bleu_4": 0.039127689476337255
}